{"android":[],"ios":["WAAutoService.js","WAAutoWebview.js","WAWKWorker.html","WAService.js"],"ignore":["Archive.zip","rev.json","sourcemaps"],"pc":["WAPCAdapterAppIndex.html","WAPCAdapterAppIndex.js","WAPCAdapterGameIndex.html","WAPCAdapterGameIndex.js","WAPCAdapterPageFrame.html","WAPCAdapterPageFrame.js","WAPCAdapterContext.html","WAPCAdapterContext.js","WAPCAdapterWebViewChannel.js"],"devtool":["WAXRFrameRenderContextDevTools.js"],"all":["WAAccelerateWorker.js","WAAppAd.js","WACloud.js","WAGame.js","WAGameAd.js","WAGameFrame.html","WAGamePerformanceUtilsSDK.js","WAGameSubContext.js","WAGameSubContextFrame.html","WAGameVConsole.html","WAGfxEmsc.js","WAGfxEmsc.wasm","WAGlobalConsole.js","WAKanata.js","WAMagicBrushMainContext.js","WAMagicBrushSubContext.js","WAMidasSDK.js","WAMinigameLive.js","WAMinigamePlatform.js","WAOrderMidasSDK.js","WAPCAdapterWorker.js","WAPageFrame.html","WAPerf.js","WAPixi.js","WAProtobuf.js","WARecordSDK.js","WARemoteDebug.js","WARenderContext.js","WASclBackend.wasm","WASclContext.js","WAServiceMainContext.js","WAServiceRemoteDebug.js","WASkylineStyle.css.js","WASkylineStyle.fpcssb","WASkylineStyleDark.css.js","WASkylineStyleDark.fpcssb","WASkylineStyleV2.css.js","WASkylineStyleV2.fpcssb","WASkylineStyleV2Dark.css.js","WASkylineStyleV2Dark.fpcssb","WASourceMap.js","WASplashAdFloatWindow.js","WASplashadWorker.js","WAStyleIndex.fpiib","WASubAppSclEngine.js","WASubContext.js","WASubGameSclEngine.js","WAVConsole.js","WAVersion.json","WAWebview.js","WAWorker.js","WAWorkerSubContext.js","WAWxGa.js","WAXRFrameRenderContext.js","WAalberttiny489kvocab.txt","WAminivocab.txt","WABuiltinLibs.json"]}